label,PC,b1,b2,b3,b4,b5,b6,b7,b8,b9,b10,b11,b12,b13,b14,b15,b16,b17,b11/b7,b11/b9,b7/b6,b12-b6,b12/b6,0.01*b12/b8,(b12-b2)/b8,b9/b8
1,0.1035595,0.0088215,0.010272,0.014476,0.0210445,0.0238637,0.0312655,0.0293132,0.0248039,0.0239827,0.0241344,0.0237489,0.0097947,0.0103716,0.0094185,0.0040838,0.0027414,-0.0010922,0.8101794,0.9902517,0.937558,-0.0214707,0.3132766,0.0039489,-0.0192398,0.9668938
1,0.1098448,0.0059945,0.0083054,0.0125625,0.0193304,0.0219715,0.0284753,0.0255783,0.0213774,0.0205487,0.0204852,0.0174547,0.0055258,0.0064614,0.0051849,0.0014861,0.00074,-0.0015415,0.6824018,0.8494311,0.8982642,-0.0229495,0.1940549,0.0025849,-0.1300285,0.9612338
1,0.1566731,0.0084351,0.0097158,0.0137273,0.0207152,0.0233118,0.0306246,0.0279796,0.023627,0.0228266,0.022621,0.0218712,0.0083123,0.0090702,0.0081051,0.0033658,0.0021857,-0.000736,0.7816847,0.9581461,0.9136322,-0.0223123,0.2714248,0.0035181,-0.059405,0.9661221
1,0.175743,0.0085699,0.0102888,0.0143888,0.0213762,0.0243261,0.0311744,0.0289905,0.024885,0.0239885,0.0241554,0.0222242,0.0085742,0.0092077,0.0082364,0.0032816,0.0020283,-0.00158,0.7666041,0.9264534,0.9299454,-0.0226002,0.275039,0.0034455,-0.0688998,0.9639762
1,0.1771066,0.0084358,0.0102934,0.0139111,0.0206094,0.0232602,0.030981,0.0277704,0.0243691,0.0233095,0.023544,0.0251553,0.0122395,0.0128787,0.0118905,0.006246,0.0048522,0.000671,0.9058339,1.0791898,0.8963674,-0.0187415,0.3950638,0.0050225,0.0798579,0.9565171
1,0.1847095,0.0084295,0.010233,0.0138854,0.0204645,0.0233439,0.0306779,0.0287282,0.0243877,0.0234294,0.0234097,0.0228914,0.0093425,0.0099053,0.0090242,0.0036817,0.00243,-0.001379,0.7968275,0.9770385,0.9364466,-0.0213353,0.3045364,0.0038308,-0.0365137,0.9607065
1,0.2579597,0.006384,0.0080468,0.012418,0.0189732,0.0217147,0.0285348,0.0259925,0.021729,0.0208023,0.0211871,0.018402,0.0062365,0.0069262,0.0060303,0.0021641,0.0014724,-0.000676,0.7079736,0.8846152,0.9109054,-0.0222983,0.2185584,0.0028701,-0.0833115,0.9573486
1,0.7264406,0.0076492,0.0092868,0.0131122,0.0198785,0.0222912,0.0288115,0.0262656,0.0220132,0.0211678,0.0211927,0.0183231,0.006374,0.0069888,0.0060367,0.0022996,0.0014193,-0.000855,0.6976077,0.8656097,0.911634,-0.0224376,0.2212291,0.0028955,-0.1323244,0.9615972
1,0.8737182,0.0072648,0.0088811,0.0124496,0.0194074,0.0221624,0.0294795,0.0256133,0.0219316,0.021016,0.020998,0.0199787,0.007998,0.0086052,0.0076231,0.0034773,0.0026059,0.00056,0.7800141,0.9506464,0.8688523,-0.0214815,0.2713061,0.0036468,-0.0402666,0.958251
1,0.9883,0.0081097,0.007757,0.0106896,0.0152822,0.0179636,0.0267721,0.0262136,0.0231802,0.0222681,0.0222185,0.0231335,0.0110929,0.0114195,0.0112797,0.0061966,0.0049905,0.0011265,0.8825006,1.0388618,0.9791364,-0.0156792,0.4143464,0.0047855,0.1439144,0.9606502
1,1.45578,0.0080934,0.0102608,0.014116,0.0203419,0.0231715,0.0302769,0.0287076,0.0249958,0.0241896,0.0243173,0.0236884,0.0101183,0.0110116,0.0099063,0.0044304,0.0032455,-0.000883,0.8251636,0.9792829,0.9481663,-0.0201586,0.3341916,0.004048,-0.0057025,0.9677454
1,2.027688,0.0079342,0.0076295,0.010255,0.0146212,0.017091,0.0269095,0.0228446,0.0184312,0.0172344,0.0171126,0.0170594,0.0092132,0.0097122,0.0090168,0.0068471,0.0063015,0.0056311,0.7467602,0.9898474,0.8489405,-0.0176963,0.3423761,0.0049987,0.0859235,0.9350638
1,2.603943,0.0074029,0.0074846,0.0096353,0.0136019,0.0160733,0.0251735,0.0212789,0.0174214,0.0162259,0.016085,0.0163383,0.0097101,0.0102779,0.0095565,0.0076893,0.0072649,0.0068814,0.7678154,1.0069248,0.8452917,-0.0154634,0.3857271,0.0055736,0.1277455,0.9313775
1,2.7538857,0.0085733,0.0081217,0.0111595,0.0158173,0.0181251,0.0272283,0.026018,0.0228196,0.0214955,0.0216831,0.0226779,0.0118879,0.0122973,0.0118516,0.0074325,0.0066006,0.0034685,0.8716262,1.0550101,0.9555476,-0.0153404,0.4366005,0.0052095,0.1650421,0.9419748
1,3.3660614,0.0082246,0.010232,0.0142497,0.021275,0.0238101,0.0304932,0.0281884,0.0240177,0.0229002,0.0230641,0.0207365,0.0079023,0.008693,0.0075202,0.0030403,0.0020315,-0.000863,0.7356399,0.9055192,0.9244155,-0.022591,0.2591484,0.0032902,-0.0970019,0.9534697
1,3.4660434,0.0075271,0.0086658,0.013269,0.0204408,0.0229562,0.030338,0.0290522,0.0253107,0.0246101,0.0245222,0.0235568,0.0133715,0.0142774,0.0128973,0.0087013,0.0076864,0.00825,0.8108467,0.9572029,0.9576165,-0.0169665,0.4407521,0.005283,0.1859202,0.9723211
1,3.494214,0.0058933,0.0055139,0.0082201,0.0127363,0.0152621,0.0244737,0.02262,0.0189912,0.017434,0.0175927,0.019639,0.0092383,0.0097214,0.0093516,0.005591,0.0045747,0.0022415,0.8682112,1.1264748,0.9242585,-0.0152354,0.3774789,0.0048645,0.1961105,0.9180044
1,3.6644286,0.0059127,0.0051586,0.0076584,0.011417,0.0138391,0.0233811,0.0216501,0.0174674,0.0158696,0.01604,0.0196494,0.0100245,0.0105516,0.0100497,0.0065749,0.0056431,0.0035625,0.907589,1.2381806,0.925965,-0.0133566,0.4287444,0.005739,0.2785736,0.9085248
1,4.3989888,0.0046777,0.00454,0.0067205,0.0111816,0.0138462,0.023214,0.0203214,0.016299,0.0148742,0.0149615,0.0166248,0.0061716,0.0065091,0.0060928,0.0028049,0.0021869,-0.0000742,0.8180919,1.1176964,0.8753943,-0.0170424,0.2658575,0.0037865,0.100103,0.912581
1,4.54642,0.0041864,0.0033813,0.0059772,0.0102154,0.012939,0.0223818,0.0189694,0.0152073,0.0137411,0.0135944,0.0150636,0.0046179,0.0051497,0.0046836,0.0016905,0.000896,-0.000825,0.7940984,1.0962443,0.8475364,-0.017764,0.206323,0.0030366,0.081316,0.9035865
1,4.665622,0.0056776,0.0053412,0.0075505,0.0121381,0.0150636,0.0252485,0.0210028,0.0166495,0.0151549,0.0150576,0.0165166,0.0068391,0.0072739,0.006801,0.0041408,0.0034986,0.0021894,0.7864005,1.0898545,0.8318434,-0.0184094,0.2708707,0.0041077,0.0899674,0.910234
1,4.82729,0.0076376,0.0076937,0.0099921,0.0140223,0.0165106,0.0263074,0.0225829,0.0183639,0.0170315,0.0170074,0.0187179,0.0118928,0.0126756,0.0118315,0.0099051,0.009379,0.008669,0.8288531,1.0990173,0.8584235,-0.0144146,0.4520695,0.0064762,0.2286616,0.9274445
1,5.1437623,0.007749,0.0091931,0.0130372,0.0193802,0.0220697,0.0301658,0.028614,0.024617,0.0231968,0.0234594,0.0255494,0.0118911,0.0126897,0.0115531,0.0057482,0.0042229,-0.000127,0.892898,1.1014165,0.9485591,-0.0182747,0.3941914,0.0048304,0.1095976,0.9423091
1,5.3374943,0.0058111,0.0054283,0.0080356,0.0127576,0.0152224,0.0247626,0.0224122,0.0186099,0.0174029,0.0173767,0.0174569,0.0065645,0.0068444,0.0066576,0.0032078,0.002489,0.000661,0.7789006,1.0030988,0.905081,-0.0181982,0.2650951,0.0035274,0.0610519,0.9351454
1,5.670375,0.0079376,0.0097395,0.01377,0.0203192,0.0232125,0.0299673,0.0275192,0.0235199,0.0223995,0.0225049,0.0203632,0.0073766,0.0080608,0.0071247,0.0026066,0.0015721,-0.0011432,0.7399625,0.9090931,0.9183074,-0.0225907,0.2461557,0.0031363,-0.1004622,0.9523606
1,5.7218876,0.0089544,0.011025,0.0146744,0.0217107,0.0243072,0.031421,0.0294627,0.025198,0.0244296,0.0245663,0.0227202,0.0090822,0.0096337,0.008709,0.0035402,0.0022405,-0.00102,0.771151,0.930027,0.9376732,-0.0223388,0.2890478,0.0036043,-0.0771012,0.9695028
1,5.7218876,0.0056547,0.0075683,0.0116848,0.0185005,0.02145,0.0278289,0.0252426,0.0207393,0.0199737,0.0198048,0.0172779,0.0055686,0.0061394,0.0051087,0.0014025,0.000611,-0.000979,0.6844721,0.8650312,0.9070662,-0.0222602,0.2001029,0.0026851,-0.0964193,0.9630848
1,5.9507631,0.004933,0.0064939,0.0104368,0.0174245,0.0202891,0.0271031,0.0241406,0.0193955,0.0182002,0.0184918,0.0165755,0.0046498,0.0052877,0.0042853,0.000744,-0.000116,-0.00236,0.6866224,0.9107287,0.8906942,-0.0224533,0.1715586,0.0023973,-0.0950821,0.9383739
1,6.349236,0.0064316,0.0079618,0.0120384,0.018504,0.0212945,0.0280556,0.0260903,0.0220611,0.0210557,0.021167,0.0198904,0.00698,0.0076155,0.0068533,0.0027244,0.0017698,-0.00103,0.7623694,0.9446574,0.9299505,-0.0210756,0.2487918,0.0031639,-0.0445024,0.9544286
1,6.3733158,0.0047325,0.0040722,0.0055281,0.0091689,0.011934,0.0216169,0.0171373,0.0122512,0.0106545,0.010893,0.0140717,0.0058478,0.0064599,0.0058035,0.0035323,0.0029558,0.0016359,0.8211163,1.32073,0.7927741,-0.0157691,0.270519,0.0047732,0.1449336,0.8696706
1,6.80445,0.0077882,0.0091892,0.0134001,0.0199283,0.0225359,0.0296147,0.0268555,0.022957,0.0218954,0.0218881,0.0204516,0.0078319,0.0083643,0.0074674,0.003284,0.0022387,-0.000276,0.7615412,0.9340593,0.9068319,-0.0217827,0.264461,0.0034116,-0.0591209,0.9537569
1,6.811771,0.0061487,0.0077742,0.011446,0.0177073,0.0208542,0.0285134,0.0258167,0.021268,0.0197934,0.0200333,0.0207604,0.007755,0.0083796,0.0074966,0.0031239,0.0022013,-0.000836,0.804146,1.0488522,0.9054222,-0.0207585,0.2719763,0.0036463,-0.0009023,0.9306686
1,7.1801987,0.0049881,0.0046102,0.0065632,0.0107404,0.0136138,0.0234977,0.01972,0.0152627,0.0135669,0.0136352,0.0155955,0.0067519,0.00719,0.006706,0.0041616,0.0036618,0.0024954,0.7908455,1.1495244,0.8392286,-0.0167458,0.287344,0.0044238,0.1403266,0.8888898
1,7.2238831,0.0089323,0.0104938,0.0142288,0.0206857,0.0234686,0.0311355,0.0292903,0.0253071,0.0243704,0.0244343,0.0242641,0.0103704,0.0111463,0.0100109,0.0044477,0.0029874,-0.000928,0.8284026,0.995639,0.9407361,-0.0207651,0.3330722,0.0040978,-0.0048776,0.9629877
1,7.2464,0.0046598,0.0045468,0.0063335,0.0101132,0.01262,0.0218286,0.0169549,0.0126033,0.0112918,0.0113838,0.0117323,0.0050831,0.0055687,0.0049951,0.0033547,0.0029918,0.0022408,0.6919719,1.0390159,0.7767276,-0.0167456,0.2328618,0.0040331,0.0425516,0.8959341
1,7.4384539,0.0086879,0.0106296,0.0146323,0.0213613,0.0242061,0.03122,0.0294468,0.0251761,0.023932,0.0242513,0.0227573,0.0091732,0.0097714,0.008827,0.0037512,0.0024909,-0.00113,0.7728282,0.950914,0.9432029,-0.0220468,0.2938238,0.0036436,-0.057849,0.9505871
1,7.5615456,0.0035672,0.0026913,0.0057338,0.0098648,0.0121623,0.0214657,0.0192483,0.0153312,0.0137815,0.0140247,0.016296,0.0059642,0.0061732,0.0059182,0.0026442,0.0018694,-0.000331,0.8466221,1.1824592,0.8966989,-0.0155015,0.2778468,0.0038902,0.2134813,0.8989174
1,7.7786,0.0071895,0.0075952,0.0100566,0.0147139,0.0173078,0.0263518,0.0253523,0.0221487,0.0207834,0.0207944,0.0222788,0.0109804,0.0112086,0.0110947,0.0064207,0.0053092,0.0018586,0.8787679,1.0719506,0.9620729,-0.0153714,0.4166833,0.0049576,0.1528364,0.9383607
1,7.7989654,0.0048129,0.0041267,0.0064008,0.0098757,0.0122297,0.0207669,0.0169738,0.0128135,0.0115069,0.0116052,0.0119613,0.0043891,0.0049381,0.0042591,0.0022972,0.001873,0.0010729,0.7046928,1.0394893,0.8173482,-0.0163778,0.2113518,0.0034254,0.0204841,0.8980327
1,8.1854782,0.0083691,0.0092102,0.0130078,0.0198133,0.0225129,0.0300926,0.0272798,0.0229044,0.0218293,0.0217503,0.0230702,0.0095314,0.010188,0.0093003,0.0041489,0.0030054,-0.000588,0.8456856,1.0568426,0.9065305,-0.0205612,0.3167358,0.0041614,0.0140216,0.9530631
1,8.5881408,0.0086024,0.0102023,0.0143248,0.0212684,0.0240012,0.0306302,0.0283464,0.0241859,0.0234589,0.0235925,0.0215946,0.0083811,0.0088907,0.0080966,0.0031216,0.0019414,-0.0012113,0.7618126,0.9205319,0.9254381,-0.0222492,0.2736209,0.0034653,-0.075303,0.9699382
1,9.7274,0.0091005,0.0090759,0.0116365,0.016172,0.0186036,0.027784,0.0267251,0.0236994,0.0224855,0.0227209,0.023328,0.0116704,0.0120009,0.0116166,0.00691,0.0058411,0.0019862,0.8728889,1.0374699,0.9618854,-0.0161137,0.4200379,0.0049243,0.1094729,0.9487774
1,9.9179386,0.0075046,0.0091048,0.0127815,0.0196541,0.0220237,0.0291203,0.0266768,0.0232748,0.0223897,0.0223092,0.0222964,0.0094767,0.0101232,0.0091877,0.0043563,0.003209,-0.0000663,0.8357982,0.995831,0.9160894,-0.0196436,0.3254333,0.0040717,0.01598,0.9619756
1,10.4617416,0.0028748,0.0020735,0.0043,0.0078954,0.0104327,0.0201112,0.0168224,0.0119763,0.010251,0.0105423,0.015039,0.0052336,0.0053969,0.005271,0.0022311,0.0016421,0.000368,0.8939864,1.4670848,0.8364704,-0.0148777,0.2602311,0.0043699,0.2638576,0.8559362
1,10.56,0.0045229,0.0057858,0.0069596,0.0099319,0.0119896,0.0180596,0.0167409,0.0134901,0.0127809,0.0126414,0.0118339,0.0087531,0.0096604,0.008179,0.0062316,0.0055794,0.0080518,0.7068853,0.9259002,0.9269768,-0.0093065,0.4846769,0.0064885,0.2199574,0.9474297
1,12.3,0.0035875,0.0035687,0.0060293,0.0098765,0.0121958,0.0198077,0.0170038,0.0129011,0.0122003,0.0121388,0.0125707,0.0133643,0.0149821,0.0127145,0.0105055,0.0099229,0.0139555,0.7392898,1.0303652,0.8584455,-0.0064433,0.6747042,0.010359,0.759286,0.9456733
1,13.1829214,0.0020279,0.0023092,0.0050712,0.0101289,0.0128753,0.0212166,0.0160112,0.0119647,0.010393,0.0107761,0.0155531,0.0047546,0.0052633,0.0045265,0.0015078,0.000766,-0.000585,0.9713882,1.4964976,0.7546517,-0.016462,0.2240987,0.0039739,0.204386,0.8686375
1,13.4362667,0.004881,0.0039914,0.0058078,0.009349,0.0122799,0.0217735,0.0180351,0.0130773,0.0113229,0.0116323,0.0155403,0.006597,0.0069067,0.0065716,0.0038223,0.0032544,0.0017796,0.8616738,1.3724703,0.8283042,-0.0151765,0.3029818,0.0050446,0.1992436,0.8658457
1,13.7102382,0.0022251,0.0037371,0.0062152,0.012653,0.0166535,0.0268098,0.0217241,0.0161362,0.014225,0.0146641,0.0220885,0.008007,0.0085933,0.0076145,0.0026454,0.0015012,-0.000464,1.0167744,1.5528002,0.8103041,-0.0188029,0.2986576,0.0049621,0.2646131,0.8815536
1,13.8420674,0.0080859,0.0094184,0.0136785,0.020382,0.0233299,0.0303771,0.0280466,0.0243101,0.0234671,0.0232919,0.0227655,0.0097649,0.0102174,0.0092237,0.0039925,0.0026064,-0.000416,0.8117038,0.970103,0.9232805,-0.0206122,0.3214569,0.0040168,0.0142555,0.9653258
1,15.96,0.0025715,0.0041139,0.005614,0.0086289,0.0105723,0.0164022,0.0161563,0.0132046,0.0123252,0.0123219,0.0120047,0.0058006,0.006635,0.0053594,0.002616,0.0018542,0.0016808,0.7430379,0.9739973,0.9850039,-0.0106016,0.3536462,0.0043928,0.1277314,0.9333983
1,16.1032709,0.0071803,0.0086641,0.0118559,0.0180514,0.0207288,0.0288233,0.0245663,0.021147,0.0199659,0.0200458,0.0233038,0.011564,0.0123601,0.0113762,0.0064134,0.0053193,0.0013,0.9486113,1.1671807,0.8523059,-0.0172593,0.4012029,0.0054684,0.1371299,0.9441512
1,16.9084345,0.0042133,0.0048263,0.0068568,0.0124674,0.0155082,0.0251481,0.0192011,0.0147975,0.0129017,0.0132122,0.0224217,0.0112575,0.011625,0.0108458,0.0059927,0.0050491,0.0016,1.1677307,1.7378865,0.7635223,-0.0138906,0.4476472,0.0076077,0.4346092,0.8718845
1,20.0037453,0.0061114,0.0040858,0.0044625,0.0085199,0.0110449,0.0246599,0.0124823,0.0084474,0.0065685,0.0063737,0.0148651,0.0031199,0.0039365,0.0026994,-0.000498,-0.0011053,-0.0024589,1.1908909,2.2630927,0.5061788,-0.02154,0.1265178,0.0036933,-0.1143341,0.7775717
1,20.3666667,0.0029551,0.0034894,0.0067533,0.0101541,0.0125374,0.0205381,0.018983,0.0154031,0.0146777,0.0147174,0.0162309,0.0197196,0.0215332,0.0190864,0.0176688,0.0171447,0.024555,0.8550257,1.1058254,0.9242789,-0.0008186,0.9601443,0.0128024,1.0536972,0.9529043
1,22.04,0.001777,0.0019514,0.004988,0.0081786,0.0101859,0.0186155,0.01652,0.0128746,0.0122523,0.0122237,0.0157945,0.0237598,0.0257514,0.0227093,0.0192708,0.0182791,0.024064,0.9560868,1.2891119,0.8874325,0.0051443,1.2763442,0.0184547,1.693903,0.9516588
1,22.6,0.0105156,0.0097497,0.0109772,0.017485,0.0219852,0.0370147,0.0233818,0.0183686,0.0155366,0.0152595,0.0229302,0.0069461,0.007382,0.0066868,0.0028171,0.0020194,0.000238,0.980688,1.4758895,0.631689,-0.0300686,0.1876583,0.0037815,-0.1526281,0.8458237
1,22.8934592,0.0031552,0.0019046,0.002173,0.0059089,0.0084609,0.0218682,0.0108892,0.0065482,0.0046259,0.0047169,0.015383,0.0033217,0.0042447,0.0029818,-0.00077,-0.0014521,-0.0030261,1.4126778,3.3254377,0.4979479,-0.0185465,0.1518953,0.0050727,0.2164086,0.7064295
1,24.28,0.0019562,0.0025564,0.0052633,0.0083314,0.0107771,0.0181492,0.0163267,0.0129163,0.0122249,0.0121235,0.0132094,0.0153324,0.0171027,0.0144376,0.0118639,0.0109925,0.0184728,0.8090713,1.0805332,0.8995819,-0.0028168,0.8447986,0.0118706,0.9891394,0.946476
1,24.5,0.0098235,0.0088601,0.0101221,0.0169175,0.0215135,0.0367787,0.0227566,0.017562,0.0149818,0.014971,0.0221215,0.006383,0.0068248,0.0062446,0.0025793,0.001777,0.000006,0.9720903,1.4765606,0.618745,-0.0303957,0.1735526,0.0036346,-0.1410435,0.8530773
1,24.5333333,0.0023771,0.0021423,0.0033131,0.0052736,0.0063144,0.0118951,0.0070822,0.0050164,0.004307,0.0042353,0.0052778,0.0036072,0.0036976,0.0033163,0.0024225,0.0021757,0.0038417,0.7452239,1.2254209,0.5953893,-0.0082879,0.303252,0.0071909,0.2920246,0.8585813
1,24.6666667,0.00305,0.0048708,0.0062852,0.0096272,0.011539,0.0182196,0.0184903,0.0153977,0.0145458,0.0147641,0.0148376,0.0073578,0.0080308,0.0067804,0.0037641,0.0027228,0.0024529,0.8024514,1.0200631,1.0148611,-0.0108618,0.403841,0.0047785,0.1615176,0.9446723
1,28.8,0.0034608,0.0032994,0.0040056,0.0067745,0.0083562,0.0159317,0.0089571,0.0067886,0.005715,0.0054488,0.0095034,0.0059914,0.0059434,0.0054187,0.003454,0.0027366,0.002596,1.0609961,1.6628968,0.5622172,-0.0099404,0.3760659,0.0088256,0.3965477,0.841851
1,28.8448764,0.0034652,0.004402,0.0069451,0.0124598,0.0155424,0.0251821,0.0192177,0.0152959,0.0133179,0.0134698,0.0241456,0.0143128,0.0151679,0.013849,0.0091329,0.008,0.0046803,1.2564285,1.8130205,0.7631489,-0.0108692,0.5683737,0.0093573,0.6479371,0.8706826
1,30.85,0.003536,0.0050008,0.0062854,0.0089854,0.0106913,0.0164174,0.0153303,0.0120912,0.0114369,0.0114157,0.0109698,0.0072737,0.0081996,0.0067197,0.0044245,0.0036924,0.0045232,0.7155675,0.9591624,0.9337804,-0.0091438,0.4430452,0.0060157,0.1879754,0.945888
1,31.5333333,0.0026194,0.0023769,0.0040869,0.005625,0.0070768,0.0124147,0.0081229,0.0059796,0.0054049,0.0054182,0.0085083,0.0139434,0.0138655,0.0139382,0.0141894,0.0140926,0.0178608,1.0474407,1.5741924,0.6542972,0.0015287,1.1231375,0.0233183,1.934331,0.9038799
1,35,0.0029303,0.0042377,0.0057665,0.0086828,0.0108732,0.0172496,0.0170565,0.0138962,0.0132998,0.0134155,0.0134763,0.0063865,0.0073163,0.0060511,0.0033065,0.0025905,0.0017305,0.7900962,1.013273,0.9888045,-0.0108631,0.3702425,0.0045959,0.1546332,0.9570811
1,35.2,0.0033752,0.0030108,0.0042605,0.0069375,0.0086713,0.0157985,0.0089206,0.0066146,0.0057045,0.0055665,0.0075044,0.0046193,0.0047253,0.0042131,0.0023092,0.0016828,0.005034,0.8412353,1.3155158,0.5646513,-0.0111792,0.2923865,0.0069835,0.2431646,0.8624148
1,35.28,0.0034471,0.0033835,0.0060567,0.00992,0.012373,0.0199899,0.0176123,0.0135655,0.012976,0.0127069,0.0107395,0.006452,0.0075148,0.0055641,0.0027345,0.0018438,0.0038837,0.6097728,0.8276422,0.8810592,-0.0135379,0.3227631,0.0047562,0.2261954,0.9565422
1,37.9396449,-0.0000944,0.0000461,0.0020046,0.0059118,0.0079202,0.0158127,0.0122882,0.0082338,0.0069269,0.0074963,0.0121627,0.0043085,0.0048705,0.0039381,0.0018105,0.0014289,0.000872,0.9897912,1.7558703,0.7771064,-0.0115042,0.2724712,0.0052327,0.5176699,0.8412708
1,39.4666667,0.0022868,0.002241,0.0038636,0.0056031,0.0067108,0.0116921,0.0075043,0.0053028,0.0047453,0.0045952,0.0052308,0.0037493,0.0041227,0.0032505,0.0016641,0.0011809,0.0030327,0.6970313,1.102306,0.6418279,-0.0079429,0.3206643,0.0070703,0.2844343,0.8948632
1,41.85,0.002175,0.0024509,0.0034243,0.0056429,0.0070581,0.0134623,0.0074438,0.0052108,0.0046089,0.0043625,0.0055979,0.0031091,0.0034481,0.0029194,0.0018582,0.0014994,0.0025863,0.7520235,1.214585,0.552934,-0.0103533,0.230946,0.0059666,0.126309,0.884495
1,43.8,0.0022642,0.0023986,0.0033764,0.0054862,0.0067033,0.0123358,0.0071772,0.0050142,0.0044698,0.0043139,0.0049643,0.001724,0.0016705,0.000959,-0.0012854,-0.0021809,0.000469,0.6916706,1.1106131,0.5818212,-0.0106118,0.1397559,0.0034382,-0.1345277,0.8914312
2,45.2727273,0.0067704,0.007686,0.009394,0.0139184,0.0167586,0.024721,0.0236479,0.0200051,0.0187737,0.0189592,0.0184342,0.0067393,0.0075122,0.0064131,0.0023658,0.0014282,-0.000229,0.7795306,0.9819207,0.9565902,-0.0004732,0.9384461,0.0033688,-0.0473195,0.9384461
2,47.4666667,0.0018268,0.0019338,0.0032185,0.0050038,0.0060244,0.0113311,0.0066527,0.0044151,0.0037986,0.0037264,0.0043613,0.0016482,0.0019099,0.0010621,-0.000883,-0.0015037,0.000652,0.6555751,1.148144,0.5871152,-0.0006468,0.8603589,0.0037331,-0.0646817,0.8603587
2,50.2666667,0.0055178,0.0048413,0.004678,0.0078331,0.0100309,0.0199597,0.0101653,0.0081317,0.0065838,0.0063515,0.0169057,0.0144444,0.014376,0.013618,0.0113562,0.010886,0.0088836,1.6630847,2.5677745,0.5092888,0.0118094,0.8096413,0.017763,1.1809401,0.8096413
2,50.45,0.0043789,0.0037841,0.0045098,0.0075607,0.0094384,0.0203078,0.0099701,0.0079519,0.0064675,0.00632,0.0162546,0.0106386,0.0105421,0.0101924,0.0076416,0.0070568,0.00525,1.6303359,2.5132705,0.4909495,0.0086198,0.8133251,0.0133786,0.8619786,0.8133251
2,51.0666667,0.0021673,0.002013,0.0032813,0.0057525,0.0068725,0.0130705,0.007577,0.0053442,0.0046719,0.0045275,0.0061554,0.0036611,0.0040447,0.0033126,0.0022261,0.0018466,0.0021185,0.812386,1.3175535,0.5796995,0.003084,0.874201,0.0068507,0.3084029,0.874201
2,52.4,0.0106005,0.0094724,0.0109484,0.0170975,0.021545,0.0358822,0.022276,0.0176023,0.0148239,0.0149469,0.0222212,0.0070698,0.0072909,0.0068184,0.0029487,0.0021871,0.000138,0.9975406,1.4990054,0.6208071,-0.0013649,0.8421574,0.0040164,-0.136489,0.8421575
2,53.2853933,0.0064874,0.0058873,0.0052936,0.0086575,0.0114466,0.0264,0.012534,0.0087008,0.0067364,0.006639,0.0186233,0.0053345,0.00603,0.0051216,0.0013827,0.000637,-0.000854,1.4858242,2.7645905,0.4747721,-0.0006353,0.7742218,0.006131,-0.0635331,0.7742217
2,53.7777778,0.0108777,0.0097335,0.0111677,0.0174317,0.0218635,0.0373782,0.0236245,0.0184698,0.0158104,0.0157239,0.0228528,0.0070201,0.007272,0.0067907,0.0028754,0.0020962,0.000362,0.9673354,1.4454245,0.6320384,-0.0014691,0.8560162,0.0038009,-0.1469108,0.8560162
2,53.8181818,0.0117568,0.0103178,0.0119713,0.0182241,0.0229491,0.0376754,0.0240932,0.0189421,0.016293,0.0159864,0.0232629,0.0073586,0.0077265,0.0071,0.0031797,0.0024053,0.000388,0.965536,1.4277826,0.6394939,-0.0015623,0.8601483,0.0038848,-0.1562266,0.8601483
2,54.375,0.0029551,0.0051792,0.0089514,0.0138743,0.0167842,0.0265304,0.0304175,0.0317904,0.03197,0.0326122,0.0314589,0.015524,0.0164969,0.0158159,0.0079924,0.0056235,0.00032,1.0342355,0.9840148,1.1465163,0.0032541,1.0056484,0.0048832,0.3254087,1.0056484
2,57.2,0.0099849,0.008945,0.010249,0.0164961,0.0210811,0.0359729,0.0222148,0.0169154,0.014368,0.0142066,0.0206818,0.0058203,0.0062332,0.0056893,0.0022442,0.0015545,0.000062,0.930991,1.4394386,0.6175435,-0.0018472,0.8494028,0.0034408,-0.1847247,0.8494028
2,57.8333333,0.0029995,0.004288,0.0087406,0.0140886,0.016749,0.0260661,0.03031,0.0310676,0.0314624,0.0318533,0.0311709,0.0156841,0.0165349,0.0160411,0.0081362,0.0059565,0.00217,1.0284036,0.9907345,1.1628124,0.0036682,1.0127081,0.0050484,0.3668163,1.0127081
2,58.2,0.0062699,0.005352,0.007479,0.0129942,0.0171878,0.030125,0.0203956,0.014926,0.0126721,0.0127079,0.0170653,0.0048901,0.0051345,0.0046081,0.00173,0.0010881,0.000268,0.8367151,1.3466906,0.6770337,-0.0003095,0.8489908,0.0032762,-0.0309479,0.8489908
2,59.1,0.0022327,0.0036749,0.0079143,0.0127825,0.0152452,0.0242064,0.0274628,0.0275962,0.0276309,0.0280143,0.0258682,0.0109827,0.0114883,0.0110066,0.004831,0.0029895,0.00158,0.9419388,0.9362083,1.1345267,0.0026481,1.0012544,0.0039798,0.264809,1.0012544
2,60.4,0.0099864,0.0090541,0.0102022,0.016631,0.0209807,0.0357166,0.0214873,0.0165548,0.014118,0.0138082,0.0207693,0.0058326,0.0063006,0.0057079,0.0023004,0.0016798,0.000301,0.9665823,1.4711223,0.6016056,-0.001946,0.8528006,0.0035232,-0.1945983,0.8528006
2,64.7,0.0115155,0.0127983,0.0159817,0.0220823,0.0257752,0.0349571,0.0341808,0.0304657,0.0292484,0.0296129,0.0300266,0.0143427,0.0156092,0.014202,0.0073467,0.0058076,0.000778,0.8784642,1.026607,0.9777932,0.0005069,0.960046,0.0047078,0.0506907,0.960046
2,68.125,0.0120127,0.0131416,0.0161414,0.0220506,0.0258541,0.0352408,0.0343413,0.0306782,0.0293813,0.0294709,0.0294656,0.0134497,0.0146087,0.0132373,0.0068319,0.00534,0.000803,0.858023,1.0028698,0.9744742,0.0001004,0.9577258,0.0043841,0.0100439,0.9577258
2,69.2,0.0097511,0.0087949,0.0100835,0.0165175,0.0213921,0.0360336,0.0235914,0.0180578,0.0154656,0.0154743,0.0213013,0.006201,0.0063665,0.0060755,0.0024388,0.0017848,-0.0000514,0.9029243,1.3773324,0.6547067,-0.0014364,0.8564511,0.003434,-0.1436417,0.8564511
2,73.1,0.0127957,0.0120705,0.0139897,0.0211597,0.0260943,0.0394037,0.0280015,0.0228966,0.0202014,0.0198997,0.0275885,0.0096186,0.0100826,0.009445,0.0043946,0.0034705,0.00106,0.9852496,1.3656734,0.710632,-0.0010709,0.8822853,0.0042009,-0.1070857,0.8822853
2,74.6666667,0.0053264,0.0049262,0.0057765,0.0087317,0.0110998,0.0179981,0.0140891,0.0107986,0.0092176,0.0094558,0.0221269,0.0116142,0.0126044,0.0111604,0.0047168,0.0028426,0.000351,1.5705005,2.4005149,0.7828084,0.0061934,0.8535892,0.0107553,0.6193403,0.8535892
2,78.2,0.0121627,0.0117746,0.0133041,0.0208149,0.0253683,0.0392113,0.0262881,0.0217655,0.018762,0.0186211,0.0264362,0.0090737,0.009397,0.0087468,0.0039438,0.0028468,0.000467,1.0056315,1.4090282,0.6704225,-0.0012409,0.8620071,0.0041688,-0.1240917,0.8620071
2,78.5,0.0076577,0.0095269,0.0129056,0.0188706,0.0218986,0.0299391,0.0298095,0.0272194,0.0263973,0.0265416,0.0271563,0.0145197,0.016082,0.0144408,0.0083186,0.0068308,0.0013334,0.9109924,1.0287503,0.9956709,0.0018343,0.9697979,0.0053343,0.1834281,0.9697979
2,79.5,0.0022002,0.0046284,0.0082577,0.0134376,0.0161296,0.0251447,0.029277,0.0302319,0.0303739,0.03085,0.0296678,0.0145089,0.0152274,0.0142798,0.0061237,0.0035838,0.000455,1.0133502,0.9767551,1.164339,0.0032682,1.004695,0.0047992,0.3268222,1.004695
2,80,0.0022979,0.0043752,0.0084293,0.0133641,0.0158395,0.0256135,0.0294707,0.030451,0.0306585,0.030943,0.0304486,0.016359,0.0176545,0.0166895,0.0093954,0.0073095,0.00506,1.0331805,0.9931535,1.1505941,0.0039354,1.0068131,0.0053722,0.3935431,1.0068131
2,80.9090909,0.010749,0.0118245,0.0146862,0.0206824,0.0241616,0.0333135,0.0313386,0.0271092,0.0259766,0.0258522,0.0247629,0.0099286,0.010891,0.0097477,0.004567,0.0034737,0.000575,0.7901739,0.9532792,0.9407163,-0.0006994,0.9582191,0.0036624,-0.0699374,0.9582191
2,81.6923077,0.00202,0.0037583,0.008413,0.0131524,0.0158166,0.0252666,0.0289235,0.029801,0.030171,0.0305656,0.0296462,0.0149517,0.015934,0.0148683,0.0068442,0.0044499,0.000614,1.0249873,0.9826065,1.1447319,0.003756,1.012415,0.0050172,0.3756043,1.012415
2,81.8,0.0094068,0.0084917,0.0099164,0.0163676,0.0208746,0.0364942,0.0228622,0.0175957,0.0146565,0.0146204,0.0215116,0.00614,0.0062113,0.0059096,0.002449,0.0016256,0.000414,0.940925,1.4677132,0.6264604,-0.0013365,0.8329599,0.0034895,-0.1336491,0.8329599
2,82.4545455,0.0094604,0.0081684,0.0098595,0.0159508,0.0203197,0.0359582,0.0221001,0.0167568,0.0142242,0.0141702,0.0201403,0.0057026,0.0059162,0.0055717,0.0021738,0.0014897,0.000341,0.9113202,1.4159133,0.614606,-0.0014715,0.8488621,0.0034032,-0.1471498,0.8488621
2,83.6,0.0156479,0.0144869,0.0157048,0.0225984,0.027122,0.0404006,0.0274602,0.0227147,0.0198748,0.0198774,0.0280999,0.0125267,0.0132418,0.012202,0.0080175,0.0071182,0.0055355,1.0232953,1.4138456,0.6796967,-0.000863,0.8749747,0.0055148,-0.0862961,0.8749747
2,84.5,0.0104421,0.0094408,0.0105841,0.016744,0.021347,0.035549,0.02135,0.0166037,0.0141146,0.0139847,0.0208173,0.0062731,0.0065692,0.0059424,0.0026413,0.0018397,0.00038,0.9750468,1.474872,0.6005812,-0.0019078,0.8500892,0.0037781,-0.1907787,0.8500892
2,84.6666667,0.0036428,0.0052275,0.0095003,0.0146719,0.0173519,0.0271788,0.0320976,0.0336657,0.0340872,0.0345503,0.0337296,0.0183288,0.0193395,0.0185415,0.0097697,0.0069859,0.00112,1.0508435,0.989508,1.1809787,0.0038916,1.0125216,0.0054444,0.3891616,1.0125216
2,88,0.0029905,0.0049462,0.0089512,0.0138837,0.0164499,0.026363,0.0304641,0.0314356,0.031576,0.0320429,0.0312629,0.0155773,0.0167031,0.0156511,0.0071862,0.0043489,-0.000227,1.0262212,0.9900851,1.1555644,0.0033819,1.0044641,0.0049553,0.3381857,1.0044641
2,92.375,0.0128032,0.0115492,0.0132503,0.0200142,0.0245559,0.0397605,0.0265905,0.0211134,0.0183267,0.0181734,0.0249397,0.0082265,0.0086141,0.0078871,0.0035577,0.0026654,0.000645,0.9379159,1.3608374,0.6687666,-0.0015737,0.8680116,0.0038964,-0.1573717,0.8680116
2,94,0.0114626,0.0124482,0.0151213,0.0207359,0.0240553,0.0328635,0.0347119,0.0328155,0.0319729,0.0325511,0.0343181,0.0211472,0.0227502,0.021264,0.0127639,0.0104183,0.000894,0.9886553,1.0733513,1.056246,0.0026509,0.9743238,0.0064443,0.2650893,0.9743238
2,95,0.0024295,0.0041402,0.008092,0.0130209,0.0156937,0.02461,0.0279022,0.0280596,0.0281607,0.028305,0.0265581,0.011753,0.0124076,0.0115471,0.0052689,0.0035168,0.0018,0.9518305,0.9430934,1.1337719,0.0027131,1.0036022,0.0041886,0.2713081,1.0036022
2,98,0.0121117,0.0136361,0.0168217,0.022863,0.0261805,0.0367594,0.0369937,0.0327621,0.0316986,0.0320669,0.0310804,0.0145297,0.0156519,0.0141836,0.0068328,0.0052551,0.000556,0.8401537,0.9804971,1.0063724,0.0002728,0.9675383,0.0044349,0.0272758,0.9675383
2,102.4,0.003776,0.0082051,0.0134183,0.0200523,0.0233626,0.032874,0.0342741,0.0324725,0.031988,0.0322048,0.0341855,0.0187492,0.0211199,0.0189227,0.0109021,0.008661,0.00137,0.997413,1.0686958,1.0425909,0.0032471,0.9850802,0.0057739,0.3247076,0.9850802
2,103.7142857,0.0057245,0.0067409,0.0079436,0.0120351,0.0147708,0.0229186,0.0212644,0.0175813,0.0159588,0.0164304,0.0267819,0.0154853,0.0168977,0.0152077,0.0077284,0.0055637,0.00118,1.2594681,1.6781855,0.9278247,0.0049737,0.9077169,0.0088078,0.4973654,0.9077169
2,106.75,0.0112543,0.012338,0.0150599,0.0206127,0.0241001,0.033022,0.0339887,0.0314684,0.0303672,0.0309906,0.0322646,0.017788,0.0191148,0.0177526,0.0099437,0.0078662,0.000637,0.9492745,1.0624816,1.0292741,0.0017319,0.9650082,0.0056527,0.1731902,0.9650082
2,108.6666667,0.0116702,0.013089,0.0158699,0.0214386,0.0247609,0.0339123,0.0344559,0.0319073,0.0310048,0.0313054,0.0331117,0.0187258,0.0204779,0.0185647,0.0106844,0.0085866,0.00132,0.960987,1.0679544,1.0160301,0.0017666,0.9717125,0.0058688,0.1766628,0.9717125
2,109.5,0.0040781,0.0083456,0.0135674,0.0203844,0.0241135,0.0333178,0.0365188,0.0362336,0.0361265,0.0363248,0.0373505,0.0231043,0.0255554,0.0234919,0.0142552,0.0114454,0.0025163,1.0227756,1.0338797,1.0960751,0.0040732,0.9970459,0.0063765,0.4073195,0.9970459
2,113,0.0109698,0.0123014,0.0148454,0.0201478,0.0236548,0.0326421,0.034123,0.0320444,0.03137,0.0318209,0.0337249,0.0203744,0.0219258,0.020252,0.012139,0.0098015,0.0018428,0.9883342,1.0750699,1.0453671,0.0025193,0.9789518,0.0063582,0.2519331,0.9789518
2,116.5714286,0.00076,0.0023068,0.0057657,0.0091011,0.0109344,0.0191011,0.0203643,0.0199876,0.0198907,0.0201347,0.0244646,0.0228165,0.0230633,0.0228955,0.0187648,0.0171488,0.0127,1.2013491,1.2299503,1.0661293,0.0102612,0.9951531,0.0114153,1.026122,0.9951531
2,121,0.0031298,0.0044436,0.0087302,0.0137915,0.0162629,0.0259928,0.0301096,0.0316532,0.0316077,0.0323121,0.0307624,0.0154544,0.0163288,0.015628,0.0077647,0.0056817,0.000464,1.0216806,0.9732548,1.1583817,0.0034786,0.9985646,0.0048824,0.3478604,0.9985646
2,121.6,0.0112549,0.0127423,0.0154696,0.0208018,0.0246727,0.0336801,0.0341672,0.0313079,0.0302375,0.0305148,0.0319043,0.0170023,0.0183542,0.0168902,0.0093543,0.0075909,0.000873,0.9337699,1.0551223,1.0144619,0.0013607,0.9658121,0.0054307,0.1360669,0.9658121
2,127.4285714,0.0021537,0.0037439,0.0081962,0.0128672,0.0159875,0.0253885,0.0287668,0.0287802,0.0287929,0.029158,0.0292374,0.0172214,0.0180952,0.0173571,0.0128436,0.011291,0.0124839,1.0163605,1.0154392,1.133062,0.0046829,1.0004422,0.0059838,0.4682904,1.0004422
2,129,0.0113344,0.0127226,0.0154744,0.020764,0.0239494,0.0331277,0.0339867,0.0315342,0.0304147,0.0309653,0.0326961,0.01848,0.0199934,0.0185892,0.010699,0.0085467,0.00148,0.9620264,1.0750107,1.025929,0.0018258,0.9644966,0.0058603,0.1825754,0.9644966
2,130.25,0.0110139,0.0126367,0.015282,0.0210527,0.0248818,0.0339797,0.0338102,0.0304945,0.0293119,0.0296609,0.0301474,0.0147606,0.0154265,0.0145005,0.0075961,0.0059689,0.000811,0.8916664,1.0285035,0.9950113,0.0006965,0.9612216,0.0048404,0.0696478,0.9612216
2,138,0.0030361,0.0053758,0.0095239,0.0143571,0.0171771,0.0269655,0.0318256,0.0334053,0.033699,0.0342761,0.0334062,0.0179338,0.018754,0.0182386,0.0097116,0.0071202,0.000149,1.0496645,0.9913098,1.1802327,0.0037593,1.0087919,0.0053686,0.3759281,1.0087919
2,153.255814,0.0031344,0.0051786,0.0093704,0.0145937,0.0168899,0.0270188,0.0313451,0.0328764,0.0336313,0.0340453,0.0332346,0.0179484,0.0188289,0.0182041,0.00994,0.00764,0.000562,1.0602816,0.9882059,1.160123,0.0038842,1.0229597,0.0054593,0.3884168,1.0229597
2,161,0.0136146,0.0145766,0.0181313,0.0239844,0.0277621,0.0369124,0.0366537,0.0335631,0.03244,0.032615,0.0336983,0.0189914,0.0203138,0.0186007,0.0107475,0.0088018,0.00268,0.9193694,1.0387858,0.992991,0.0013154,0.9665386,0.0056584,0.1315353,0.9665386
2,176.5413423,0.0076395,0.0088047,0.0127041,0.0194903,0.0220544,0.0297017,0.0249593,0.0212811,0.0203184,0.0199753,0.0199863,0.0079776,0.0087003,0.0077411,0.00372,0.0027279,-0.000576,0.8007552,0.9836513,0.8403318,-0.0003886,0.9547642,0.0037487,-0.0388645,0.9547642
2,186.701623,0.0075499,0.006599,0.0057086,0.0092302,0.0118318,0.0278314,0.0117667,0.0088356,0.0069051,0.0068845,0.0281624,0.0113741,0.011888,0.0109956,0.0045565,0.0033461,0.0000185,2.3933898,4.0785069,0.4227873,0.0054044,0.7815076,0.0128731,0.5404378,0.7815076
2,205.3451026,0.0060082,0.0045531,0.0048879,0.0082759,0.0110298,0.0232761,0.0122317,0.0082709,0.0063551,0.0063397,0.0132862,0.0026953,0.0033835,0.0022551,-0.000611,-0.0011598,-0.0020626,1.0862102,2.0906404,0.5255052,-0.0022463,0.7683693,0.0032587,-0.2246254,0.7683693
2,210.9680929,0.0072707,0.0052572,0.0054802,0.0095101,0.0120846,0.0260732,0.0134089,0.0092773,0.0075023,0.0071876,0.0164881,0.0042945,0.0050717,0.0038496,0.000434,-0.000446,-0.0018355,1.2296344,2.1977362,0.5142807,-0.0010377,0.808677,0.0046291,-0.1037725,0.8086769
2,259.4182772,0.008218,0.0099355,0.0139265,0.0205131,0.0230539,0.029587,0.0276382,0.0236075,0.0225761,0.0226529,0.0203657,0.0076629,0.0082791,0.007115,0.0027184,0.0017,-0.000945,0.7368679,0.9020912,0.9341344,-0.0009627,0.9563089,0.003246,-0.0962653,0.9563089
2,261.7241379,0.0040017,0.0089149,0.0136593,0.0201366,0.0238507,0.0328372,0.0355259,0.0352869,0.0354201,0.0355485,0.0373547,0.0237984,0.0261606,0.0242946,0.0154189,0.0126739,0.00285,1.0514777,1.0546175,1.0818797,0.0042178,1.0037739,0.0067442,0.4217842,1.0037739
2,269.2345768,0.008121,0.0068696,0.0051618,0.0087715,0.0115856,0.0313728,0.0118308,0.0092111,0.0067057,0.0064234,0.0377569,0.0194152,0.0205334,0.0190639,0.0100145,0.0079155,0.0018117,3.191405,5.6305329,0.3771049,0.01362,0.7280056,0.021078,1.3620017,0.7280056
2,326.6,0.0038918,0.0084922,0.013547,0.0202735,0.0238008,0.0330648,0.0360746,0.0362261,0.0363146,0.0365989,0.037299,0.0231566,0.0256511,0.0235716,0.0142,0.0114,0.0025973,1.0339399,1.0271062,1.0910257,0.004048,1.0024444,0.0063923,0.4048033,1.0024444
2,370.3269733,0.0063849,0.0047367,0.0049468,0.0086624,0.0114193,0.0267613,0.0123742,0.0085499,0.0066102,0.0065213,0.0174745,0.0044901,0.0053101,0.0040002,0.0000777,-0.000717,-0.0026088,1.4121703,2.643591,0.4623938,-0.0002885,0.7731263,0.0052516,-0.0288509,0.7731263
2,373.1088539,0.0113169,0.0099715,0.0077039,0.0117455,0.0149418,0.0336892,0.0133706,0.0098159,0.0071951,0.007185,0.0457133,0.0292231,0.0305806,0.0288784,0.0154903,0.0129207,0.002634,3.4189424,6.3534055,0.3968807,0.0196128,0.733007,0.0297714,1.96128,0.733007
2,386.7912135,0.0101447,0.0074982,0.004633,0.0080593,0.0109951,0.0331977,0.0105018,0.0083321,0.0056052,0.0053593,0.0601513,0.0609814,0.0637008,0.0598367,0.0446979,0.0416913,0.0249,5.7276995,10.7313978,0.3163421,0.0641895,0.6727216,0.0731887,6.4189518,0.6727216
2,407.0214732,0.0085201,0.0059831,0.0060386,0.0093707,0.0120469,0.0270463,0.0127389,0.0093848,0.007182,0.0071251,0.0199394,0.0059391,0.006681,0.0054812,0.0013582,0.000552,-0.0010472,1.5652347,2.7762895,0.4710049,-0.0000469,0.7652823,0.0063284,-0.0046922,0.7652823
2,600.7862652,0.0091014,0.0073023,0.0046372,0.0079262,0.0108537,0.0301358,0.0096066,0.0074518,0.0049991,0.0046403,0.0520604,0.0479053,0.049722,0.046027,0.0305507,0.0270182,0.0162,5.4192195,10.4139258,0.3187773,0.0544876,0.6708608,0.064287,5.4487648,0.6708608
2,628.2963056,0.0072565,0.0053123,0.0057808,0.0097583,0.0124623,0.0270005,0.0132569,0.0096431,0.0076331,0.0074383,0.0185864,0.0053679,0.0063864,0.004982,0.00095,-0.0000774,-0.0019473,1.4020164,2.4349773,0.4909872,0.0000576,0.7915626,0.0055666,0.0057624,0.7915626
2,634.3240866,0.0107374,0.0083527,0.0052731,0.0080895,0.0112022,0.033484,0.0111708,0.0085974,0.0058085,0.0057258,0.0544123,0.0497601,0.0521401,0.0482193,0.0351189,0.0324561,0.0187,4.8709299,9.3677497,0.3336175,0.0481625,0.6756059,0.0578778,4.8162546,0.6756059
2,644.4541348,0.0083751,0.0070022,0.0047203,0.0080248,0.0109584,0.0307569,0.0110615,0.008448,0.005951,0.0057326,0.0440797,0.0289909,0.0304658,0.028482,0.0165744,0.0137899,0.0047074,3.9849624,7.4070623,0.3596428,0.0260284,0.7044321,0.034317,2.6028422,0.7044321
2,647,0.0017575,0.0016725,0.0026854,0.006698,0.0095163,0.0187067,0.0106583,0.0081503,0.0064415,0.0067013,0.0238283,0.0133638,0.0147246,0.0128372,0.0058403,0.0039977,0.0015409,2.2356582,3.6991764,0.5697567,0.0143445,0.7903383,0.0163966,1.4344495,0.7903383
2,666.0239101,0.006447,0.005111,0.0031234,0.0065006,0.009415,0.0294812,0.0104237,0.0075086,0.0050553,0.0047121,0.0354897,0.0216569,0.0227556,0.0208248,0.0125522,0.0107829,0.00541,3.4047116,7.0203287,0.3535716,0.0220361,0.6732683,0.0288429,2.2036071,0.6732683
2,727.32003,0.0089692,0.0066524,0.0041356,0.0073969,0.0104671,0.0326861,0.0097381,0.0077009,0.0052272,0.0048715,0.0588041,0.055301,0.057523,0.0539193,0.0377,0.0342,0.0173088,6.0385492,11.2496857,0.2979285,0.0631727,0.6787767,0.0718113,6.3172733,0.6787768
2,869.5278369,0.0167017,0.0144721,0.0114443,0.0150554,0.0180413,0.0415401,0.0175912,0.0148215,0.0119847,0.0115373,0.0672034,0.0705697,0.074318,0.0691008,0.0558514,0.0529198,0.0380536,3.8202927,5.60743,0.4234747,0.0378488,0.8086017,0.047613,3.7848754,0.8086017
2,880.1357978,0.0103098,0.0077698,0.0052375,0.0083888,0.0115024,0.0341858,0.0113769,0.0090864,0.0063934,0.0061461,0.0556105,0.0413352,0.0432535,0.040792,0.0248807,0.0213432,0.0082025,4.8880005,8.6981255,0.3327975,0.0369403,0.7036223,0.0454913,3.6940321,0.7036223
2,936.3990292,0.0106847,0.0081349,0.0053204,0.0086564,0.0119176,0.0339568,0.0123281,0.0095534,0.0067262,0.0065636,0.052407,0.0493432,0.0516428,0.0474413,0.0363811,0.0339635,0.0231434,4.2510325,7.7914541,0.3630518,0.0431349,0.7040669,0.0516501,4.3134885,0.7040669
2,1220.571429,0.0037126,0.0033649,0.0034457,0.0079377,0.0112454,0.0246799,0.0102472,0.0087376,0.006484,0.0066716,0.0398152,0.0404177,0.0441169,0.0395197,0.0293269,0.0268062,0.016789,3.8854768,6.1405391,0.4152043,0.0424059,0.7420765,0.046257,4.2405925,0.7420765
